{
  "title": "Stores in Greece",
  "title_el": "ΕΛΛΑΔΑ",
  "groups": [
    {
      "title": "Aθήνα - Κέντρο:",
      "stores": [
        {
          "title": "4 Seasons, Νίκης 30, Σύνταγμα Αθήνα 105 57",
          "link": null,
          "additional_lines": [

          ]
        },
        {
          "title": "Mr Bean Coffee, Εμμανουήλ Μπενάκη 20, Αθήνα 106 78",
          "link": null,
          "additional_lines": [

          ]
        },
        {
          "title": "Peak A Bloom, Λέκκα 12, Αθήνα 105 62",
          "link": "",
          "additional_lines": [

          ]
        },
        {
          "title": "Nora's Deli",
          "link": null,
          "additional_lines": [
            "Παναγιώτου Αναγνωστοπούλου 11, Koλωνάκι 106 73",
            "Αναπήρων Πολέμου 10, Κολωνάκι 106 76"
          ]
        },
        {
          "title": "Brinky's Organic Groceries, Τρώων 69 Πετράλωνα 118 52",
          "link": "",
          "additional_lines": ""
        },
        {
          "title": "Kampos Biomarket, Φιλελλήνων 2, Αθήνα 105 57",
          "link": "",
          "additional_lines": ""
        },
        {
          "title": "Βιολογικό Χωριό",
          "link": null,
          "additional_lines": [
            "Αιόλου 104, Ομόνοια 10564",
            "Τσακάλωφ 18, Κολωνάκι 10673"
          ]
        },
        {
          "title": "Eλληνικά Καλούδια",
          "link": null,
          "additional_lines": [
            "Χατζηχρήστου 8, Ακρόπολη 117 42",
            "Καλλιδρομίου 51, Εξάρχεια 106 81"
          ]
        },
        {
          "title": "The Market, Αρχελάου 32, Παγκράτι 116 35",
          "link": null,
          "additional_lines": [

          ]
        },
        {
          "title": "Flaneur Supplies & Souvenirs, Φλέσσα 1, Αθήνα Ακρόπολη",
          "link": null,
          "additional_lines": [

          ]
        },
        {
          "title": "Pure Juice Bar, Σινά 21, Aθήνα Κολωνάκι",
          "link": null,
          "additional_lines": [

          ]
        },
        {
          "title": "Dickie Dee, Βουλής 23, Αθήνα 105 63",
          "link": null,
          "additional_lines": [

          ]
        },
        {
          "title": "Απηλιώτης, Αραχώβης 10, Εξάρχεια 106 80",
          "link": "",
          "additional_lines": ""
        },
        {
          "title": "Bold Cafe, Λ. Πατησίων 156, Αθήνα 112 57",
          "link": "",
          "additional_lines": ""
        },
        {
          "title": "Box Γευστικό Κουτί, Ευτυχίδου 18, Παγκράτι 116 35",
          "link": null,
          "additional_lines": [

          ]
        },
        {
          "title": "H γωνιά των παραγωγών της Wise Greece, Φωκίονος Νέγρη 42, Δημοτική Αγορά Κυψέλης 113 61",
          "link": null,
          "additional_lines": [

          ]
        },
        {
          "title": "Bamboo Vegan, Σόλωνος 102, Αθήνα 106 80",
          "link": null,
          "additional_lines": [

          ]
        },
        {
          "title": "Γεύσεις Ελλάδος, Μάχης Αναλάτου 51, Νέος Κόσμος, Αθήνα 117 44",
          "link": null,
          "additional_lines": [

          ]
        },
        {
          "title": "Martini Cosmobio, Σπηλιωτόπουλου Λοχαγού 12, Πλησίον Νοσοκομείου Παίδων, Ζωγράφος 15773",
          "link": null,
          "additional_lines": [

          ]
        },
        {
          "title": "Συνοικία το Όνειρο, Δεινοχάρους 8, Άνω Πετράλωνα 118 52",
          "link": null,
          "additional_lines": [

          ]
        },
        {
          "title": "Πορτοκαλί Καφέ, Λ. Συγγρού 50 Αθήνα 117 42",
          "link": null,
          "additional_lines": [

          ]
        },
        {
          "title": "TOMS Flagship, Πλατεία Μητροπόλεως 8, Μοναστηράκι 105 56",
          "link": null,
          "additional_lines": [

          ]
        },
        {
          "title": "To Mποστάνι, Ιφικράτους 2, Αθήνα 112 57",
          "link": null,
          "additional_lines": [

          ]
        }
      ]
    },
    {
      "title": "Αθήνα - Βόρεια Προάστια:",
      "stores": [
        {
          "title": "Σούπερ Μάρκετ Θανόπουλος",
          "link": null,
          "additional_lines": [
            "Ελαιών 38, Ν.Κηφισιά 145 64",
            "Αδριανού & Δραγούμη 6, Κηφισιά 145 61",
            "Χαριλάου Τρικούπη 164, Ν.Ερυθραία 146 71"
          ]
        },
        {
          "title": "Βιολογικό Χωριό",
          "link": null,
          "additional_lines": [
            "Ύδρας 1 & Ολυμπιονικών, Ψυχικό 15451",
            "Λεωφ. Κηφισίας 76-78, Μαρούσι 15125",
            "Λεωφ. Μαραθώνος 10, Σταμάτα 14569",
            "Λεωφ. Πεντέλης 6, Βριλήσσια 15235",
            "Χαλανδρίου 22, Αγ. Παρασκευή 15343"
          ]
        },
        {
          "title": "Πράσινο Biomarket, Λεωφ. Πεντέλης 97, Χαλάνδρι 152 34",
          "link": null,
          "additional_lines": [

          ]
        },
        {
          "title": "Πεντελικό",
          "link": "",
          "additional_lines": [
            "Ερμού 2, Πεντέλη 152 36",
            "Λ. Πεντέλης 144, Βριλήσσια 152 38"
          ]
        },
        {
          "title": "Ηippie Bowl, Αγίου Κωνσταντίνου 40, Μαρούσι 151 24",
          "link": null,
          "additional_lines": [

          ]
        },
        {
          "title": "CoffeeHouse",
          "link": null,
          "additional_lines": [
            "Λεωφ. Κηφισίας 44, Μαρούσι 151 25",
            "Λεωφ. Κηφισίας 41-47, Μαρούσι 151 25 (εντός Avenue Mall)"
          ]
        },
        {
          "title": "Wild Beans, Βυζαντινών Αυτοκρατόρων, Νέα Ιωνία 142 32",
          "link": "",
          "additional_lines": ""
        },
        {
          "title": "Wanted Coffee, Λ. Πλαπούτα 53, Νέο Ηράκλειο 141 22",
          "link": "",
          "additional_lines": ""
        },
        {
          "title": "Huakanu, Λ. Μαραθώνος 3, Δροσιά 156 72",
          "link": "",
          "additional_lines": ""
        },
        {
          "title": "Το Κέρατο, Λ. Δημοκρατίας 39, Μελίσσια 151 27",
          "link": "",
          "additional_lines": ""
        },
        {
          "title": "Πανδαισία, Λ. Πηγής 69, Μελίσσια 151 27",
          "link": "",
          "additional_lines": ""
        },
        {
          "title": "Madonna, Λ. Μαραθώνος 2, Δροσιά 145 72",
          "link": "",
          "additional_lines": ""
        },
        {
          "title": "Kαρυοθραύστης, Λεωφ. Μεσογείων 6, Αθήνα 115 27",
          "link": null,
          "additional_lines": [

          ]
        },
        {
          "title": "Παν Αγαθον, Γυφτοπουλου 14, Χαλάνδρι 152 33",
          "link": null,
          "additional_lines": [

          ]
        },
        {
          "title": "Το μαγαζάκι της Ισιδώρας, Ύδρας 13, Χαλάνδρι",
          "link": null,
          "additional_lines": [

          ]
        },
        {
          "title": "102 Cafe, Tατοϊου 102, Νέα Ερυθραία",
          "link": null,
          "additional_lines": [

          ]
        },
        {
          "title": "Φαρμακείο Ανανιάδη Ευάγγελου, Ευσταθίου Λάμψα 19, Αθήνα 115 24",
          "link": null,
          "additional_lines": [

          ]
        },
        {
          "title": "Στο Τσουβάλι, Θράκης 3, Φιλοθέη 152 37",
          "link": null,
          "additional_lines": [

          ]
        },
        {
          "title": "Μανάβικο Κατσέλης, Λεωφ. Πεντέλης 106, Χαλάνδρι 152 34",
          "link": null,
          "additional_lines": [

          ]
        },
        {
          "title": "Αρισμαρί & Μέλι, Αριστείδου 1 & Λ. Πεντέλης 34, Χαλάνδρι 152 34",
          "link": null,
          "additional_lines": [

          ]
        },
        {
          "title": "Το Μικρό Πευκοδάσος, Αλέκου Παναγούλη 25, Ζωγράφου 15773",
          "link": null,
          "additional_lines": [

          ]
        },
        {
          "title": "ΑΛΟΗ, Παπαδιαμαντοπούλου 50, Ζωγράφου 173 41",
          "link": null,
          "additional_lines": [

          ]
        },
        {
          "title": "Buddha's Hand (Γιάννης Λουκάκος), Ανδρέα Παπανδρέου 22, Χαλάνδρι 152 32",
          "link": null,
          "additional_lines": [

          ]
        },
        {
          "title": "Υγεία & Μακροζωία, Λ. Δεκελείας 99, Νέα Φιλαδέλφεια 143 41",
          "link": null,
          "additional_lines": [

          ]
        },
        {
          "title": "Δήμητρας Γαία, Λεωφ. Δεκελείας 56, Νέα Χαλκηδόνα 143 42",
          "link": null,
          "additional_lines": [

          ]
        },
        {
          "title": "Φαρμακείο Βαϊοπούλου, Ομήρου 20, Χαλάνδρι 152 32",
          "link": null,
          "additional_lines": [

          ]
        },
        {
          "title": "Pocket Espresso Bar, Ερυθρού Σταυρού 12, Πανόρνου 11526",
          "link": null,
          "additional_lines": [

          ]
        },
        {
          "title": "Γαλακτοπωλείο Λακαφώση, Λ. Δροσιάς Σταμάτας 47, Σταμάτα 145 75",
          "link": null,
          "additional_lines": [

          ]
        },
        {
          "title": "Γης Παράδοση, Σοφούλη 3 Πεύκη 151 21",
          "link": null,
          "additional_lines": [

          ]
        },
        {
          "title": "Streeto Cafe, Φειδιππίδου 8, Αμπελόκηποι 11526",
          "link": null,
          "additional_lines": [

          ]
        }
      ]
    },
    {
      "title": "Αθήνα - Νότια Προάστια:",
      "stores": [
        {
          "title": "Βιολογικό Χωριό",
          "link": null,
          "additional_lines": [
            "Φαίδρας 6 & Παναγούλη, Γλυφάδα 16674",
            "Αγίου Ιωάννου 28, Βούλα 16673",
            "Γρηγορίου Λαμπράκη 83, Γλυφάδα 16675",
            "Πρωτόπαππα 12, Ηλιούπολη 16343",
            "Αγ. Φωτεινής 47, Νέα Σμύρνη 17121"
          ]
        },
        {
          "title": "Μυλωνάς Φρουτεμπορική, Δημ. Γούναρη 22, Γλυφάδα 167 77",
          "link": null,
          "additional_lines": [

          ]
        },
        {
          "title": "Glam Pharmacy, Αγίου Γερασίμου 2, Άλιμος 174 55",
          "link": "",
          "additional_lines": ""
        },
        {
          "title": "Placebo Pharmacy, Λ. Βουλιαγμένης 85, Γλυφάδα 16674",
          "link": "",
          "additional_lines": ""
        },
        {
          "title": "Bufala Gelato",
          "link": null,
          "additional_lines": [
            "Aρτέμιδος 1, Γλυφάδα 166 74",
            "Ορφέως 2, Βουλιαγμένη 166 71",
            "Βασ. Παύλου 80, Βούλα 166 73",
            "2ας Μαϊου 22, Νέα Σμύρνη 171 21"
          ]
        },
        {
          "title": "Κανέλα & Γαρύφαλλο, Θεομήτορος 26, Άλιμος 173 42",
          "link": "",
          "additional_lines": ""
        },
        {
          "title": "Los Pampas, Πτεράρχου Γκιόκα 13, Κορωπί 194 00",
          "link": "",
          "additional_lines": ""
        },
        {
          "title": "Biohouse, Εθνάρχου Μακαρίου 100, Αργυρούπολη 164 52",
          "link": "",
          "additional_lines": ""
        },
        {
          "title": "Mr & Mrs Vegan, Ρέας 2, Βουλιαγμένη 166 71",
          "link": "",
          "additional_lines": ""
        },
        {
          "title": "Νέα Ζωή Βιολογικά Προϊόντα, Λεωφ. Πρωτόπαπα 38, Ηλιούπολη 163 43",
          "link": null,
          "additional_lines": [

          ]
        },
        {
          "title": "Sports Cafe Tennis Club, Έβερτ Αγγέλου 7, Ηλιούπολη 163 42",
          "link": null,
          "additional_lines": [

          ]
        },
        {
          "title": "The Beanerds, Αλεξιουπόλεως 62, Αργυρούπολη 164 52",
          "link": null,
          "additional_lines": [

          ]
        },
        {
          "title": "Αmelie Sweet Shop, Κράτητος 63, Άνω Νέα Σμύρνη 117 44",
          "link": null,
          "additional_lines": [

          ]
        },
        {
          "title": "Italus, Ελ. Βενιζέλου 104, Καλλιθέα 176 76",
          "link": null,
          "additional_lines": [

          ]
        },
        {
          "title": "Farai Chcocolates, Λεωφ. Βουλιαγμένης 276, Άγ. Δημήτριος 173 43 (εντός Athens Metro Mall)",
          "link": null,
          "additional_lines": [

          ]
        },
        {
          "title": "Coffee Cup, Λεωφ. Ανδρέα Παπανδρέου 45, Ηλιούπολη 163 45",
          "link": null,
          "additional_lines": [

          ]
        },
        {
          "title": "Βio ΛΕΩΝ, Λεωφ. Βουλιαγμένης 43-47, Ελληνικό 167 77 (εντός ΑΒ Βασιλόπουλος)",
          "link": null,
          "additional_lines": [

          ]
        },
        {
          "title": "Μitgroup Roasters, Αλικαρνασσού 7, Νέα Σμύρνη 171 22",
          "link": null,
          "additional_lines": [

          ]
        },
        {
          "title": "Αργώ, Αλκυόνης 24, Π. Φάληρο 175 61",
          "link": null,
          "additional_lines": [

          ]
        },
        {
          "title": "Mushrooms & More, Αγίας Κυριακής 24Α, Παλαιό Φάληρο 17564 (Ν. Προάστια)",
          "link": null,
          "additional_lines": [

          ]
        },
        {
          "title": "ΟΙΚΟΔΕΣΠΟΙΝΑ, Τρίτωνος 40, Π. Φάληρο 17561",
          "link": null,
          "additional_lines": [

          ]
        },
        {
          "title": "Το Φουρνάκι, Λεωφ. Αγίου Δημητρίου 77, Άγιος Δημήτριος 17343",
          "link": null,
          "additional_lines": [

          ]
        }
      ]
    },
    {
      "title": "Αθήνα - Δυτικά Προάστια:",
      "stores": [
        {
          "title": "Gorilla Healthy Bar, Στρ. Λιόση 17, Άνω Λιόσια 13341",
          "link": null,
          "additional_lines": [

          ]
        },
        {
          "title": "Omsom, Κύπρου 14, Περιστέρι 12132",
          "link": null,
          "additional_lines": [

          ]
        },
        {
          "title": "Grind Specialty Coffee, Αγίας Γλυκερίας 75, Πετρούπολη 132 31",
          "link": "",
          "additional_lines": ""
        },
        {
          "title": "HWKS Specialty Coffee, 25ης Μαρτίου 140 Πετρούπολη 13231",
          "link": null,
          "additional_lines": [

          ]
        },
        {
          "title": "Βιολογικό Χωριό, Θηβών 71, Περιστέρι 12136",
          "link": null,
          "additional_lines": [

          ]
        }
      ]
    },
    {
      "title": "Πειραιάς:",
      "stores": [
        {
          "title": "My Greek Taste, Ζωσιμάδων 20, Πειραιάς 185 31",
          "link": "",
          "additional_lines": ""
        },
        {
          "title": "TRAGREECEIONAL Βιολογικά Προϊόντα, Αγίας Μαρίνης 38, Πειραιάς 185 39",
          "link": null,
          "additional_lines": [

          ]
        },
        {
          "title": "Το Εκλεκτόν, Μπουμπουλίνας 32, Πειραιάς 185 46",
          "link": null,
          "additional_lines": [

          ]
        },
        {
          "title": "Μανδραγόρας, Γούναρη 14 & Τσαμαδού, Πειραιάς 185 31",
          "link": "",
          "additional_lines": ""
        },
        {
          "title": "Franklin Coffee House, Γούναρη & Λυκούργου 2, Πειραιάς 18531",
          "link": "",
          "additional_lines": ""
        }
      ]
    },
    {
      "title": "Μαρκόπουλο:",
      "stores": [
        {
          "title": "Βιολογικός Θησαυρός, Γ. Παπαβασιλείου & Δραγωνέα 5, Μαρκόπουλο 190 03",
          "link": null,
          "additional_lines": [

          ]
        }
      ]
    },
    {
      "title": "Πάτρα:",
      "stores": [
        {
          "title": "Mosaic Coffee Roasters, Κωνσταντινουπόλεως 63, Πάτρα 262 23",
          "link": null,
          "additional_lines": [

          ]
        }
      ]
    },
    {
      "title": "Θεσσαλονίκη:",
      "stores": [
        {
          "title": "Ζωή & Υγεία, Τσιμισκή 118, Θεσσαλονίκη 546 21",
          "link": null,
          "additional_lines": [

          ]
        },
        {
          "title": "To Παντοπωλείο της Θεσσαλονίκης, Κομνηνών 12, Θεσσαλονίκη 546 24",
          "link": null,
          "additional_lines": [

          ]
        },
        {
          "title": "Θέγια, Θ. Σοφούλη 65, Καλαμαριά 551 31",
          "link": "",
          "additional_lines": ""
        },
        {
          "title": "Bufala Gelato, Λ. Νίκης 7, Θεσσαλονίκη 546 23",
          "link": "",
          "additional_lines": ""
        },
        {
          "title": "Bufala Gelato Θέρμης, Πλ. Παραμάνας 4, ΘΕΣΣΑΛΟΝΙΚΗ 570 01",
          "link": null,
          "additional_lines": [

          ]
        },
        {
          "title": "Φαρμακείο Καλοβέρου Μαρία - Καλλιρρόη, Παύλου Μελά 33, Θεσσαλονίκη 546 22",
          "link": null,
          "additional_lines": [

          ]
        },
        {
          "title": "Bufala Gelato (One Salonica), ΓΙΑΝΝΙΤΣΩΝ 61 & ΚΩΛΕΤΤΗ, ΘΕΣΣΑΛΟΝΙΚΗ 546 27",
          "link": null,
          "additional_lines": [

          ]
        },
        {
          "title": "TOMS Flagship, Τσιμισκή 22, Θεσσαλονίκη 546 24",
          "link": null,
          "additional_lines": [

          ]
        },
        {
          "title": "Επι της Γης, Εθνικής Αντιστάσεως 54, Κουφάλια Θεσσαλονίκης 571 00",
          "link": null,
          "additional_lines": [

          ]
        }
      ]
    },
    {
      "title": "Κομοτηνή:",
      "stores": [
        {
          "title": "Κυλικείον \"Το Μέγαρο\", Χαριλάου Τρικούπη 32, Κομοτηνή 69133",
          "link": null,
          "additional_lines": [

          ]
        }
      ]
    },
    {
      "title": "Κόρινθος:",
      "stores": [
        {
          "title": "Βιοπαντοπωλείο, Φίλλυρα 1, Κιάτο Κορινθίας 202 00",
          "link": null,
          "additional_lines": [

          ]
        },
        {
          "title": "Κουμαρό, Κύπρου 38 Κόρινθος 201 00",
          "link": null,
          "additional_lines": [

          ]
        }
      ]
    },
    {
      "title": "Χαλκίδα:",
      "stores": [
        {
          "title": "Παντοπωλείο Τσίμπου Αντώνη, Αντωνίου & Φίλωνος 12Α, Χαλκίδα 341 32",
          "link": null,
          "additional_lines": [

          ]
        }
      ]
    },
    {
      "title": "Nαύπλιο:",
      "stores": [
        {
          "title": "Τ' Αναπλιώτικο Μπακάλικο, Πλαπούτα 29, Ναύπλιο",
          "link": null,
          "additional_lines": [

          ]
        }
      ]
    },
    {
      "title": "Καλαμάτα:",
      "stores": [
        {
          "title": "Mummy's Market, Μητροπέτροβα 8, Καλαμάτα, 24133",
          "link": null,
          "additional_lines": [

          ]
        },
        {
          "title": "Pico Cafe, Χρυσάνθου Παγώνη 17, Καλαμάτα 24100",
          "link": null,
          "additional_lines": [

          ]
        }
      ]
    },
    {
      "title": "Τρίπολη:",
      "stores": [
        {
          "title": "Ιάματα, Πλ. Εθνάρχου Μακαρίου 6",
          "link": null,
          "additional_lines": [

          ]
        }
      ]
    },
    {
      "title": "Μάνη:",
      "stores": [
        {
          "title": "Lola Frozen Yogurt, Επαρ. Οδός Καλαμάτας - Αρεόπολης, Kαρδαμύλη 240 22",
          "link": null,
          "additional_lines": [

          ]
        }
      ]
    },
    {
      "title": "Kυπαρισσία:",
      "stores": [
        {
          "title": "Green & Blue, Μελίου 28, Κυπαρισσία 245 00",
          "link": null,
          "additional_lines": [

          ]
        }
      ]
    },
    {
      "title": "Koρώνη:",
      "stores": [
        {
          "title": "Kiari Wine & Deli, Περικλή Ράλλη Κορώνη 240 04",
          "link": null,
          "additional_lines": [

          ]
        }
      ]
    },
    {
      "title": "Φωκίδα:",
      "stores": [
        {
          "title": "Σούπερ Μάρκετ Βορριάς, Αγίου Ιωάννου και Σταμογιάνου, Κίρρα Φωκίδος 33200",
          "link": null,
          "additional_lines": [

          ]
        }
      ]
    },
    {
      "title": "Ιωάννινα:",
      "stores": [
        {
          "title": "Πράσινο Σπίτι, 28ης Οκτωβρίου 29Α, Ιωάννινα, 45333",
          "link": null,
          "additional_lines": [

          ]
        },
        {
          "title": "Juice 4 you, Μιχαήλ Άγγελου 5, Ιωάννινα 453 32",
          "link": "",
          "additional_lines": ""
        }
      ]
    },
    {
      "title": "Πρέβεζα:",
      "stores": [
        {
          "title": "Γεύση & Άρωμα, Λεωφόρος Ειρήνης 41, Πρέβεζα 48100",
          "link": null,
          "additional_lines": [

          ]
        }
      ]
    },
    {
      "title": "Ηγουμενίτσα:",
      "stores": [
        {
          "title": "Αφθονία Βιολογικά, 8ης Δεκεμβρίου, Ελ. Βενιζέλου, Ηγουμενίτσα 461 00",
          "link": null,
          "additional_lines": [

          ]
        }
      ]
    },
    {
      "title": "Λάρισα:",
      "stores": [
        {
          "title": "Malva Coffee Nuts, Κούμα 45 Λάρισα 412 22",
          "link": "",
          "additional_lines": ""
        },
        {
          "title": "Farai Chocolates, Αθ. Διάκου 5, Λάρισα 412 22",
          "link": "",
          "additional_lines": ""
        }
      ]
    },
    {
      "title": "Βόλος:",
      "stores": [
        {
          "title": "Φώτου Ξηροί Καρποί, Ελ. Βενιζέλου 11, Βόλος 383 33",
          "link": null,
          "additional_lines": [

          ]
        }
      ]
    },
    {
      "title": "Κατερίνη:",
      "stores": [
        {
          "title": "Καφεκοπτείο Λουμίδη, Μεγ. Αλεξάνδου 22 Κατερίνη 601 33",
          "link": null,
          "additional_lines": [

          ]
        }
      ]
    },
    {
      "title": "Κοζάνη:",
      "stores": [
        {
          "title": "Αυθεντικόν, Λιούφη 3, Κοζάνη 50100",
          "link": null,
          "additional_lines": [

          ]
        }
      ]
    },
    {
      "title": "Καστοριά:",
      "stores": [
        {
          "title": "Σουσάμι, Γράμμου 1, Καστοριά 52100",
          "link": null,
          "additional_lines": [

          ]
        }
      ]
    },
    {
      "title": "Χαλκιδική:",
      "stores": [
        {
          "title": "Καφεκοπτείο Μιχάλης, Κασσάνδρεια Χαλκιδικης 630 77",
          "link": "",
          "additional_lines": ""
        },
        {
          "title": "Day by Day Νικήτη Χαλκιδική",
          "link": null,
          "additional_lines": [

          ]
        }
      ]
    },
    {
      "title": "Κρήτη:",
      "stores": [
        {
          "title": "Hacienda, Λεωφ. Ανδρέα Παπανδρέου 25, Ηράκλειο 713 05",
          "link": null,
          "additional_lines": [

          ]
        },
        {
          "title": "Biscuits & Berries, Τσουδερών 75, Παλιά πόλη Χανίων 731 32",
          "link": null,
          "additional_lines": [

          ]
        },
        {
          "title": "Super Market Triton, Κoκκίνη Χάνι Ηρακλείου 715 00",
          "link": null,
          "additional_lines": [

          ]
        },
        {
          "title": "Titos Cafe, Πλατεία Γεωργιούπολη Αποκορώνου, Χανιά 730 07",
          "link": null,
          "additional_lines": [

          ]
        },
        {
          "title": "Manjar, Λ. Δημοκρατίας 16, Ηράκλειο 713 06",
          "link": null,
          "additional_lines": [

          ]
        },
        {
          "title": "News Cafe Beach, Καρτερός 715 00",
          "link": null,
          "additional_lines": [

          ]
        },
        {
          "title": "Boho snack bar, Μάταλα 702 00",
          "link": null,
          "additional_lines": [

          ]
        },
        {
          "title": "Bankery, Δημητρακάκη 2, Ρέθυμνο 741 00",
          "link": null,
          "additional_lines": [

          ]
        },
        {
          "title": "Elephant street espresso, Δημοκρατίας 14, Ιεράπετρα 722 00",
          "link": null,
          "additional_lines": [

          ]
        },
        {
          "title": "Το Καφεδάκι, Καραμανλή 43, Αγ. Νικόλαος 721 00",
          "link": null,
          "additional_lines": [

          ]
        },
        {
          "title": "Route 29, Οροπέδιο Λασιθίου 713 07",
          "link": null,
          "additional_lines": [

          ]
        }
      ]
    },
    {
      "title": "Ρόδος:",
      "stores": [
        {
          "title": "Πλέρια Deli, 5ο χλμ Ρόδου Λίνδου",
          "link": "",
          "additional_lines": ""
        },
        {
          "title": "Kori Lindos, Λίνδος",
          "link": null,
          "additional_lines": [

          ]
        },
        {
          "title": "Victoria Selected Delights, Πέρνου 4 Ρόδος 7542",
          "link": null,
          "additional_lines": [

          ]
        }
      ]
    },
    {
      "title": "Άνδρος:",
      "stores": [
        {
          "title": "Gasparis Foods",
          "link": null,
          "additional_lines": [

          ]
        },
        {
          "title": "Ανδριακόν, Καραβοστάσι",
          "link": null,
          "additional_lines": [

          ]
        }
      ]
    },
    {
      "title": "Μήλος:",
      "stores": [
        {
          "title": "Cava Bottiglia, Μήλος 848 01",
          "link": null,
          "additional_lines": [

          ]
        }
      ]
    },
    {
      "title": "Σαντορίνη:",
      "stores": [
        {
          "title": "Σούπερ Μάρκετ Καρρά Μαρία, Οία Θηρά, 84702",
          "link": null,
          "additional_lines": [

          ]
        }
      ]
    },
    {
      "title": "Πάρος:",
      "stores": [
        {
          "title": "Σέσουλα, Παροικιά Πάρου 84 400",
          "link": null,
          "additional_lines": [

          ]
        }
      ]
    },
    {
      "title": "Χίος:",
      "stores": [
        {
          "title": "The Grind, Βαρβάκη 3, Χίος",
          "link": null,
          "additional_lines": [

          ]
        },
        {
          "title": "Μέσα Κει, Χωρέμη 8, Χίος 821 00",
          "link": null,
          "additional_lines": [

          ]
        }
      ]
    },
    {
      "title": "Λήμνος:",
      "stores": [
        {
          "title": "Pezoula Cafe, Πλ. Ηρώων Μούδρος, Λήμνος",
          "link": null,
          "additional_lines": [

          ]
        }
      ]
    },
    {
      "title": "Τήνος:",
      "stores": [
        {
          "title": "Prickly Bear, Γκύζη 3 Τήνος 84200",
          "link": null,
          "additional_lines": [

          ]
        }
      ]
    },
    {
      "title": "Σύρος:",
      "stores": [
        {
          "title": "Τόπων Γεύσεις, Εθνικής Αντιστάσεως 18, Ερμούπολη Σύρος 84100",
          "link": null,
          "additional_lines": [

          ]
        }
      ]
    },
    {
      "title": "Μυτιλήνη:",
      "stores": [
        {
          "title": "Αμυγδαλάκι, Μητροπόλεως 15, Μυτιλήνη 81 100",
          "link": null,
          "additional_lines": [

          ]
        },
        {
          "title": "Alley Dog, Κομνηνάκη 7, Μυτιλήνη 81 100",
          "link": null,
          "additional_lines": [

          ]
        }
      ]
    },
    {
      "title": "Σάμος:",
      "stores": [
        {
          "title": "Blue Roots, Αγίου Νικολάου, Σάμος 831 00",
          "link": null,
          "additional_lines": [

          ]
        }
      ]
    },
    {
      "title": "Ικαρία:",
      "stores": [
        {
          "title": "Mελία Φυσικά Προϊόντα, Ράχες",
          "link": null,
          "additional_lines": [

          ]
        }
      ]
    },
    {
      "title": "Ύδρα:",
      "stores": [
        {
          "title": "Το Μώλυ, Ύδρα 180 40",
          "link": null,
          "additional_lines": [

          ]
        }
      ]
    },
    {
      "title": "Kέρκυρα:",
      "stores": [
        {
          "title": "NOMH Store, Νικηφόρου Θεοτόκη 57, Κέρκυρα",
          "link": null,
          "additional_lines": [

          ]
        }
      ]
    }
  ]
}
